path	sample
/path/to/fastq/CTV-1.fastq.gz	CTV-1
/path/to/fastq/TGW.fastq.gz	TGW
/path/to/fastq/NB4-G2.fastq.gz	NB4-G2
/path/to/fastq/SN12C.fastq.gz	SN12C
/path/to/fastq/EW-7.fastq.gz	EW-7
/path/to/fastq/H9.fastq.gz	H9
/path/to/fastq/MCC13.fastq.gz	MCC13
/path/to/fastq/H2818.fastq.gz	H2818
/path/to/fastq/MKN28.fastq.gz	MKN28
/path/to/fastq/VA-ES-BJ.fastq.gz	VA-ES-BJ
/path/to/fastq/TMK-1.fastq.gz	TMK-1
/path/to/fastq/MFM-223.fastq.gz	MFM-223
/path/to/fastq/WM1552C.fastq.gz	WM1552C
/path/to/fastq/SW403.fastq.gz	SW403
/path/to/fastq/BICR10.fastq.gz	BICR10
/path/to/fastq/DOV13.fastq.gz	DOV13
/path/to/fastq/IST-SL1.fastq.gz	IST-SL1
/path/to/fastq/NB4-S.fastq.gz	NB4-S
/path/to/fastq/SW1116.fastq.gz	SW1116
/path/to/fastq/HCC1599_RNA_500.fastq.gz	HCC1599_RNA_500
/path/to/fastq/ES3.fastq.gz	ES3
/path/to/fastq/NCI-H1417.fastq.gz	NCI-H1417
/path/to/fastq/SK-GT-2.fastq.gz	SK-GT-2
/path/to/fastq/Sarc9371.fastq.gz	Sarc9371
/path/to/fastq/CHSA0108.fastq.gz	CHSA0108
/path/to/fastq/ST486.fastq.gz	ST486
/path/to/fastq/BV-173.fastq.gz	BV-173
/path/to/fastq/ROS-50.fastq.gz	ROS-50
/path/to/fastq/RPMI-8866.fastq.gz	RPMI-8866
/path/to/fastq/ML-2.fastq.gz	ML-2
/path/to/fastq/HO-1-u-1.fastq.gz	HO-1-u-1
/path/to/fastq/SKN.fastq.gz	SKN
/path/to/fastq/HO-1-N-1.fastq.gz	HO-1-N-1
/path/to/fastq/IM-9.fastq.gz	IM-9
/path/to/fastq/K2.fastq.gz	K2
/path/to/fastq/MOG-G-UVW.fastq.gz	MOG-G-UVW
/path/to/fastq/H2591.fastq.gz	H2591
/path/to/fastq/IHH-4.fastq.gz	IHH-4
/path/to/fastq/NB-TU-1-10.fastq.gz	NB-TU-1-10
/path/to/fastq/SNU-C2B.fastq.gz	SNU-C2B
/path/to/fastq/HeLa.fastq.gz	HeLa
/path/to/fastq/no-11.fastq.gz	no-11
/path/to/fastq/MMAC-SF.fastq.gz	MMAC-SF
/path/to/fastq/NB17.fastq.gz	NB17
/path/to/fastq/NCI-H1993.fastq.gz	NCI-H1993
/path/to/fastq/H2722.fastq.gz	H2722
/path/to/fastq/OVCA420.fastq.gz	OVCA420
/path/to/fastq/OVMIU.fastq.gz	OVMIU
/path/to/fastq/YH-13.fastq.gz	YH-13
/path/to/fastq/NCI-H3122.fastq.gz	NCI-H3122
/path/to/fastq/CP66-MEL.fastq.gz	CP66-MEL
/path/to/fastq/LC-1-sq.fastq.gz	LC-1-sq
/path/to/fastq/PC-3_JPC-3.fastq.gz	PC-3_JPC-3
/path/to/fastq/MDA-MB-330.fastq.gz	MDA-MB-330
/path/to/fastq/HCE-4.fastq.gz	HCE-4
/path/to/fastq/SW837.fastq.gz	SW837
/path/to/fastq/EB-3.fastq.gz	EB-3
/path/to/fastq/TGBC24TKB.fastq.gz	TGBC24TKB
/path/to/fastq/PL18.fastq.gz	PL18
/path/to/fastq/SNU-C1.fastq.gz	SNU-C1
/path/to/fastq/ETK-1.fastq.gz	ETK-1
/path/to/fastq/SKN-3.fastq.gz	SKN-3
/path/to/fastq/OSC-19.fastq.gz	OSC-19
/path/to/fastq/EW-3.fastq.gz	EW-3
/path/to/fastq/PCI-15A.fastq.gz	PCI-15A
/path/to/fastq/ARH-77.fastq.gz	ARH-77
/path/to/fastq/EW-16.fastq.gz	EW-16
/path/to/fastq/HAL.fastq.gz	HAL
/path/to/fastq/RCC-AB.fastq.gz	RCC-AB
/path/to/fastq/PCI-4B.fastq.gz	PCI-4B
/path/to/fastq/ES1.fastq.gz	ES1
/path/to/fastq/LIM1215.fastq.gz	LIM1215
/path/to/fastq/KYSE-50.fastq.gz	KYSE-50
/path/to/fastq/JiyoyeP-2003.fastq.gz	JiyoyeP-2003
/path/to/fastq/NCI-SNU-16.fastq.gz	NCI-SNU-16
/path/to/fastq/MY-M12.fastq.gz	MY-M12
/path/to/fastq/SCC-3.fastq.gz	SCC-3
/path/to/fastq/SW13.fastq.gz	SW13
/path/to/fastq/SU-DHL-5.fastq.gz	SU-DHL-5
/path/to/fastq/JHOS-3.fastq.gz	JHOS-3
/path/to/fastq/CaR-1.fastq.gz	CaR-1
/path/to/fastq/MCC26.fastq.gz	MCC26
/path/to/fastq/A427.fastq.gz	A427
/path/to/fastq/TE-12.fastq.gz	TE-12
/path/to/fastq/NBsusSR.fastq.gz	NBsusSR
/path/to/fastq/TUR.fastq.gz	TUR
/path/to/fastq/JSC-1.fastq.gz	JSC-1
/path/to/fastq/HCC1395_RNA.fastq.gz	HCC1395_RNA
/path/to/fastq/NCI-H1304.fastq.gz	NCI-H1304
/path/to/fastq/LB831-BLC.fastq.gz	LB831-BLC
/path/to/fastq/PEO1.fastq.gz	PEO1
/path/to/fastq/EB2.fastq.gz	EB2
/path/to/fastq/P30-OHK.fastq.gz	P30-OHK
/path/to/fastq/PR9930a.fastq.gz	PR9930a
/path/to/fastq/MC-CAR.fastq.gz	MC-CAR
/path/to/fastq/KGN.fastq.gz	KGN
/path/to/fastq/TE-441-T.fastq.gz	TE-441-T
/path/to/fastq/MN-60.fastq.gz	MN-60
/path/to/fastq/CRO-AP3.fastq.gz	CRO-AP3
/path/to/fastq/SW1463.fastq.gz	SW1463
/path/to/fastq/ASH-3.fastq.gz	ASH-3
/path/to/fastq/U-CH2.fastq.gz	U-CH2
/path/to/fastq/NCI-H661.fastq.gz	NCI-H661
/path/to/fastq/LAMA-84.fastq.gz	LAMA-84
/path/to/fastq/NY.fastq.gz	NY
/path/to/fastq/EMC-BAC-2.fastq.gz	EMC-BAC-2
/path/to/fastq/NB12.fastq.gz	NB12
/path/to/fastq/COR-L303.fastq.gz	COR-L303
/path/to/fastq/LB647-SCLC.fastq.gz	LB647-SCLC
/path/to/fastq/NCI-H2135.fastq.gz	NCI-H2135
/path/to/fastq/HCC1187.fastq.gz	HCC1187
/path/to/fastq/D-423MG.fastq.gz	D-423MG
/path/to/fastq/MFH-ino.fastq.gz	MFH-ino
/path/to/fastq/HCC1599_RNA_10000.fastq.gz	HCC1599_RNA_10000
/path/to/fastq/NKM-1.fastq.gz	NKM-1
/path/to/fastq/VAL.fastq.gz	VAL
/path/to/fastq/KARPAS-45.fastq.gz	KARPAS-45
/path/to/fastq/VMRC-RCZ.fastq.gz	VMRC-RCZ
/path/to/fastq/LB2241-RCC.fastq.gz	LB2241-RCC
/path/to/fastq/Ramos-2G6-4C10.fastq.gz	Ramos-2G6-4C10
/path/to/fastq/U031.fastq.gz	U031
/path/to/fastq/QIMR-WIL.fastq.gz	QIMR-WIL
/path/to/fastq/SW626.fastq.gz	SW626
/path/to/fastq/NCI-H345.fastq.gz	NCI-H345
/path/to/fastq/JAR.fastq.gz	JAR
/path/to/fastq/NCI-H128.fastq.gz	NCI-H128
/path/to/fastq/HSC-39.fastq.gz	HSC-39
/path/to/fastq/ALL-PO.fastq.gz	ALL-PO
/path/to/fastq/G-MEL.fastq.gz	G-MEL
/path/to/fastq/ES5.fastq.gz	ES5
/path/to/fastq/BE-13.fastq.gz	BE-13
/path/to/fastq/LB373-MEL-D.fastq.gz	LB373-MEL-D
/path/to/fastq/M14.fastq.gz	M14
/path/to/fastq/MOG-G-CCM.fastq.gz	MOG-G-CCM
/path/to/fastq/KYSE-220.fastq.gz	KYSE-220
/path/to/fastq/KY821.fastq.gz	KY821
/path/to/fastq/CAL-72.fastq.gz	CAL-72
/path/to/fastq/HCC1599_RNA_1000.fastq.gz	HCC1599_RNA_1000
/path/to/fastq/BPH-1.fastq.gz	BPH-1
/path/to/fastq/NCI-H187.fastq.gz	NCI-H187
/path/to/fastq/DU-145.fastq.gz	DU-145
/path/to/fastq/ACN.fastq.gz	ACN
/path/to/fastq/SUP-HD1.fastq.gz	SUP-HD1
/path/to/fastq/BB49-HNC.fastq.gz	BB49-HNC
/path/to/fastq/ES8.fastq.gz	ES8
/path/to/fastq/HT-3.fastq.gz	HT-3
/path/to/fastq/SW948.fastq.gz	SW948
/path/to/fastq/EoL-1-cell.fastq.gz	EoL-1-cell
/path/to/fastq/TC-YIK.fastq.gz	TC-YIK
/path/to/fastq/NCC010.fastq.gz	NCC010
/path/to/fastq/ESO51.fastq.gz	ESO51
/path/to/fastq/HTC-C3.fastq.gz	HTC-C3
/path/to/fastq/BB65-RCC.fastq.gz	BB65-RCC
/path/to/fastq/BALL-1.fastq.gz	BALL-1
/path/to/fastq/M059J.fastq.gz	M059J
/path/to/fastq/SR.fastq.gz	SR
/path/to/fastq/COR-L321.fastq.gz	COR-L321
/path/to/fastq/IST-SL2.fastq.gz	IST-SL2
/path/to/fastq/EM-2.fastq.gz	EM-2
/path/to/fastq/LS-180.fastq.gz	LS-180
/path/to/fastq/SW684.fastq.gz	SW684
/path/to/fastq/WSU-NHL.fastq.gz	WSU-NHL
/path/to/fastq/SAS.fastq.gz	SAS
/path/to/fastq/NCI-SNU-1.fastq.gz	NCI-SNU-1
/path/to/fastq/UWB1-289.fastq.gz	UWB1-289
/path/to/fastq/KARPAS-620.fastq.gz	KARPAS-620
/path/to/fastq/201T.fastq.gz	201T
/path/to/fastq/DoTc2-4510.fastq.gz	DoTc2-4510
/path/to/fastq/HCC2998.fastq.gz	HCC2998
/path/to/fastq/OACM5-1.fastq.gz	OACM5-1
/path/to/fastq/EGI-1.fastq.gz	EGI-1
/path/to/fastq/STS-0421.fastq.gz	STS-0421
/path/to/fastq/EW-18.fastq.gz	EW-18
/path/to/fastq/HMV-II.fastq.gz	HMV-II
/path/to/fastq/D-542MG.fastq.gz	D-542MG
/path/to/fastq/D-263MG.fastq.gz	D-263MG
/path/to/fastq/HCC2157_RNA.fastq.gz	HCC2157_RNA
/path/to/fastq/OV-17R.fastq.gz	OV-17R
/path/to/fastq/SW156.fastq.gz	SW156
/path/to/fastq/CCK-81.fastq.gz	CCK-81
/path/to/fastq/HuO9.fastq.gz	HuO9
/path/to/fastq/UACC-812.fastq.gz	UACC-812
/path/to/fastq/COR-L32.fastq.gz	COR-L32
/path/to/fastq/Ca9-22.fastq.gz	Ca9-22
/path/to/fastq/UDSCC2.fastq.gz	UDSCC2
/path/to/fastq/SW982.fastq.gz	SW982
/path/to/fastq/CP67-MEL.fastq.gz	CP67-MEL
/path/to/fastq/LC-2-ad.fastq.gz	LC-2-ad
/path/to/fastq/MZ1-PC.fastq.gz	MZ1-PC
/path/to/fastq/H2731.fastq.gz	H2731
/path/to/fastq/CRO-AP2.fastq.gz	CRO-AP2
/path/to/fastq/HC-1.fastq.gz	HC-1
/path/to/fastq/Mo-T.fastq.gz	Mo-T
/path/to/fastq/LB771-HNC.fastq.gz	LB771-HNC
/path/to/fastq/HT-115.fastq.gz	HT-115
/path/to/fastq/COLO-320-HSR.fastq.gz	COLO-320-HSR
/path/to/fastq/PCI-6A.fastq.gz	PCI-6A
/path/to/fastq/OST.fastq.gz	OST
/path/to/fastq/NOS-1.fastq.gz	NOS-1
/path/to/fastq/KPD.fastq.gz	KPD
/path/to/fastq/ES7.fastq.gz	ES7
/path/to/fastq/OVKATE.fastq.gz	OVKATE
/path/to/fastq/ES6.fastq.gz	ES6
/path/to/fastq/SU-DHL-16.fastq.gz	SU-DHL-16
/path/to/fastq/LB2518-MEL.fastq.gz	LB2518-MEL
/path/to/fastq/H2810.fastq.gz	H2810
/path/to/fastq/NCI-H64.fastq.gz	NCI-H64
/path/to/fastq/WIL2-NS.fastq.gz	WIL2-NS
/path/to/fastq/TE-8.fastq.gz	TE-8
/path/to/fastq/DSH1.fastq.gz	DSH1
/path/to/fastq/HuO-3N1.fastq.gz	HuO-3N1
/path/to/fastq/no-10.fastq.gz	no-10
/path/to/fastq/NCI-H510A.fastq.gz	NCI-H510A
/path/to/fastq/CHP-134.fastq.gz	CHP-134
/path/to/fastq/CESS.fastq.gz	CESS
/path/to/fastq/SNU-C5.fastq.gz	SNU-C5
/path/to/fastq/H290.fastq.gz	H290
/path/to/fastq/MHH-PREB-1.fastq.gz	MHH-PREB-1
/path/to/fastq/NB4-Pre.fastq.gz	NB4-Pre
/path/to/fastq/SW756.fastq.gz	SW756
/path/to/fastq/HCC1599_RNA.fastq.gz	HCC1599_RNA
/path/to/fastq/SCC90.fastq.gz	SCC90
/path/to/fastq/GR-ST.fastq.gz	GR-ST
/path/to/fastq/SW48.fastq.gz	SW48
/path/to/fastq/H2795.fastq.gz	H2795
/path/to/fastq/NCCIT.fastq.gz	NCCIT
/path/to/fastq/IST-MEL1.fastq.gz	IST-MEL1
/path/to/fastq/CCRF-CEM.fastq.gz	CCRF-CEM
/path/to/fastq/GCIY.fastq.gz	GCIY
/path/to/fastq/MDST8.fastq.gz	MDST8
/path/to/fastq/MZ2-MEL.fastq.gz	MZ2-MEL
/path/to/fastq/SKG-IIIa.fastq.gz	SKG-IIIa
/path/to/fastq/C3A.fastq.gz	C3A
/path/to/fastq/TK.fastq.gz	TK
/path/to/fastq/KNS-81-FD.fastq.gz	KNS-81-FD
/path/to/fastq/HCC2218_RNA.fastq.gz	HCC2218_RNA
/path/to/fastq/8505C.fastq.gz	8505C
/path/to/fastq/RXF393.fastq.gz	RXF393
/path/to/fastq/SK-NEP-1.fastq.gz	SK-NEP-1
/path/to/fastq/SISO.fastq.gz	SISO
/path/to/fastq/GEO.fastq.gz	GEO
/path/to/fastq/DG-75.fastq.gz	DG-75
/path/to/fastq/OCUB-M.fastq.gz	OCUB-M
/path/to/fastq/BC-1.fastq.gz	BC-1
/path/to/fastq/LAN-6.fastq.gz	LAN-6
/path/to/fastq/Hs-445.fastq.gz	Hs-445
/path/to/fastq/IST-MES1.fastq.gz	IST-MES1
/path/to/fastq/U-698-M.fastq.gz	U-698-M
/path/to/fastq/HCC1143_RNA.fastq.gz	HCC1143_RNA
/path/to/fastq/A431.fastq.gz	A431
/path/to/fastq/MLMA.fastq.gz	MLMA
/path/to/fastq/SK-GT-4.fastq.gz	SK-GT-4
/path/to/fastq/SK-N-SH.fastq.gz	SK-N-SH
/path/to/fastq/EW-22.fastq.gz	EW-22
/path/to/fastq/H2595.fastq.gz	H2595
/path/to/fastq/COLO-824.fastq.gz	COLO-824
/path/to/fastq/TK10.fastq.gz	TK10
/path/to/fastq/NCI-H250.fastq.gz	NCI-H250
/path/to/fastq/H2803.fastq.gz	H2803
/path/to/fastq/KON.fastq.gz	KON
/path/to/fastq/SUP-B8.fastq.gz	SUP-B8
/path/to/fastq/BE2-M17.fastq.gz	BE2-M17
/path/to/fastq/LB996-RCC.fastq.gz	LB996-RCC
/path/to/fastq/DND-41.fastq.gz	DND-41
/path/to/fastq/RF-48.fastq.gz	RF-48
/path/to/fastq/SW954.fastq.gz	SW954
/path/to/fastq/PCI-30.fastq.gz	PCI-30
/path/to/fastq/RC-K8.fastq.gz	RC-K8
/path/to/fastq/JHU-022.fastq.gz	JHU-022
/path/to/fastq/TGBC1TKB.fastq.gz	TGBC1TKB
/path/to/fastq/NCI-H2141.fastq.gz	NCI-H2141
/path/to/fastq/SCLC-21H.fastq.gz	SCLC-21H
/path/to/fastq/JHU-011.fastq.gz	JHU-011
/path/to/fastq/451Lu.fastq.gz	451Lu
/path/to/fastq/DJM-1.fastq.gz	DJM-1
/path/to/fastq/PCI-38.fastq.gz	PCI-38
/path/to/fastq/KARPAS-231.fastq.gz	KARPAS-231
/path/to/fastq/PL4.fastq.gz	PL4
/path/to/fastq/C2BBe1.fastq.gz	C2BBe1
/path/to/fastq/CTB-1.fastq.gz	CTB-1
/path/to/fastq/LB1047-RCC.fastq.gz	LB1047-RCC
/path/to/fastq/CHL-1.fastq.gz	CHL-1
/path/to/fastq/MS-1.fastq.gz	MS-1
/path/to/fastq/HCT-15.fastq.gz	HCT-15
/path/to/fastq/EW-1.fastq.gz	EW-1
/path/to/fastq/VM-CUB-1.fastq.gz	VM-CUB-1
/path/to/fastq/U-266.fastq.gz	U-266
/path/to/fastq/LS-513.fastq.gz	LS-513
/path/to/fastq/SW1710.fastq.gz	SW1710
/path/to/fastq/OCI-LY7.fastq.gz	OCI-LY7
/path/to/fastq/EW-24.fastq.gz	EW-24
/path/to/fastq/KNS-62.fastq.gz	KNS-62
/path/to/fastq/H-EMC-SS.fastq.gz	H-EMC-SS
/path/to/fastq/KO52.fastq.gz	KO52
/path/to/fastq/NCI-H820.fastq.gz	NCI-H820
/path/to/fastq/KARPAS-1106P.fastq.gz	KARPAS-1106P
/path/to/fastq/RCC-ER.fastq.gz	RCC-ER
/path/to/fastq/CAL-78.fastq.gz	CAL-78
/path/to/fastq/LU-135.fastq.gz	LU-135
/path/to/fastq/RO82-W-1.fastq.gz	RO82-W-1
/path/to/fastq/SNU-407.fastq.gz	SNU-407
/path/to/fastq/EW-11.fastq.gz	EW-11
/path/to/fastq/KINGS-1.fastq.gz	KINGS-1
/path/to/fastq/DOK.fastq.gz	DOK
/path/to/fastq/BC-3.fastq.gz	BC-3
/path/to/fastq/NCI-H720.fastq.gz	NCI-H720
/path/to/fastq/LU-134-A.fastq.gz	LU-134-A
/path/to/fastq/SJRH30.fastq.gz	SJRH30
/path/to/fastq/HDLM-2.fastq.gz	HDLM-2
/path/to/fastq/NCI-H740.fastq.gz	NCI-H740
/path/to/fastq/SNU-175.fastq.gz	SNU-175
/path/to/fastq/TE-6.fastq.gz	TE-6
/path/to/fastq/NB10.fastq.gz	NB10
/path/to/fastq/D-392MG.fastq.gz	D-392MG
/path/to/fastq/HCC1937_RNA.fastq.gz	HCC1937_RNA
/path/to/fastq/JEG-3.fastq.gz	JEG-3
/path/to/fastq/SW780.fastq.gz	SW780
/path/to/fastq/EMC-BAC-1.fastq.gz	EMC-BAC-1
/path/to/fastq/H2461.fastq.gz	H2461
/path/to/fastq/NCI-H1770.fastq.gz	NCI-H1770
/path/to/fastq/EW-12.fastq.gz	EW-12
/path/to/fastq/ESO26.fastq.gz	ESO26
/path/to/fastq/HT55.fastq.gz	HT55
/path/to/fastq/C-4-I.fastq.gz	C-4-I
/path/to/fastq/U251.fastq.gz	U251
/path/to/fastq/KYAE-1.fastq.gz	KYAE-1
/path/to/fastq/SNU-81.fastq.gz	SNU-81
/path/to/fastq/HN.fastq.gz	HN
/path/to/fastq/JHU-029.fastq.gz	JHU-029
/path/to/fastq/RCC-MF.fastq.gz	RCC-MF
/path/to/fastq/LNZTA3WT4.fastq.gz	LNZTA3WT4
/path/to/fastq/GT3TKB.fastq.gz	GT3TKB
/path/to/fastq/TE-10.fastq.gz	TE-10
/path/to/fastq/CP50-MEL-B.fastq.gz	CP50-MEL-B
/path/to/fastq/NCI-H1836.fastq.gz	NCI-H1836
/path/to/fastq/HA7-RCC.fastq.gz	HA7-RCC
/path/to/fastq/NCI-H748.fastq.gz	NCI-H748
/path/to/fastq/NCI-H847.fastq.gz	NCI-H847
/path/to/fastq/ME-180.fastq.gz	ME-180
/path/to/fastq/MZ7-mel.fastq.gz	MZ7-mel
/path/to/fastq/UMC-11.fastq.gz	UMC-11
/path/to/fastq/SU-DHL-6.fastq.gz	SU-DHL-6
/path/to/fastq/EW-13.fastq.gz	EW-13
/path/to/fastq/PR9929a.fastq.gz	PR9929a
/path/to/fastq/HCC1599_RNA_2000.fastq.gz	HCC1599_RNA_2000
/path/to/fastq/SW620.fastq.gz	SW620
/path/to/fastq/CHSA8926.fastq.gz	CHSA8926
/path/to/fastq/H2804.fastq.gz	H2804
/path/to/fastq/NCI-H1688.fastq.gz	NCI-H1688
/path/to/fastq/CHSA0011.fastq.gz	CHSA0011
/path/to/fastq/MDA-MB-361.fastq.gz	MDA-MB-361
/path/to/fastq/TT2609-C02.fastq.gz	TT2609-C02
/path/to/fastq/GP5d.fastq.gz	GP5d
/path/to/fastq/KP-1N.fastq.gz	KP-1N
/path/to/fastq/WM35.fastq.gz	WM35
/path/to/fastq/VMRC-MELG.fastq.gz	VMRC-MELG
/path/to/fastq/HAL-01.fastq.gz	HAL-01
/path/to/fastq/NB6.fastq.gz	NB6
/path/to/fastq/Set2.fastq.gz	Set2
/path/to/fastq/C-33-A.fastq.gz	C-33-A
/path/to/fastq/KP-N-YS.fastq.gz	KP-N-YS
/path/to/fastq/LU-165.fastq.gz	LU-165
/path/to/fastq/SBC-1.fastq.gz	SBC-1
/path/to/fastq/SCH.fastq.gz	SCH
/path/to/fastq/HOSMNNG.fastq.gz	HOSMNNG
/path/to/fastq/MS751.fastq.gz	MS751
/path/to/fastq/NCI-H378.fastq.gz	NCI-H378
/path/to/fastq/HCC1806.fastq.gz	HCC1806
/path/to/fastq/Hs633T.fastq.gz	Hs633T
/path/to/fastq/D-336MG.fastq.gz	D-336MG
/path/to/fastq/CML-T1.fastq.gz	CML-T1
/path/to/fastq/RPMI-2650.fastq.gz	RPMI-2650
/path/to/fastq/WM278.fastq.gz	WM278
/path/to/fastq/SK-MEL-2.fastq.gz	SK-MEL-2
/path/to/fastq/OMC-1.fastq.gz	OMC-1
/path/to/fastq/ES4.fastq.gz	ES4
/path/to/fastq/143B.fastq.gz	143B
/path/to/fastq/WM793B.fastq.gz	WM793B
/path/to/fastq/OVCA433.fastq.gz	OVCA433
/path/to/fastq/HUH-6-clone5.fastq.gz	HUH-6-clone5
/path/to/fastq/SBC-3.fastq.gz	SBC-3
/path/to/fastq/NEC8.fastq.gz	NEC8
/path/to/fastq/SUIT-2.fastq.gz	SUIT-2
/path/to/fastq/CPC-N.fastq.gz	CPC-N
/path/to/fastq/IMR-5.fastq.gz	IMR-5
/path/to/fastq/SK-MG-1.fastq.gz	SK-MG-1
/path/to/fastq/RCC-JW.fastq.gz	RCC-JW
/path/to/fastq/RCC-JF.fastq.gz	RCC-JF
/path/to/fastq/D-502MG.fastq.gz	D-502MG
/path/to/fastq/KU812.fastq.gz	KU812
/path/to/fastq/HCC1954_RNA.fastq.gz	HCC1954_RNA
/path/to/fastq/PR9931a.fastq.gz	PR9931a
/path/to/fastq/NB69.fastq.gz	NB69
/path/to/fastq/LU-139.fastq.gz	LU-139
/path/to/fastq/LC4-1.fastq.gz	LC4-1
/path/to/fastq/RCC-FG2.fastq.gz	RCC-FG2
/path/to/fastq/A388.fastq.gz	A388
/path/to/fastq/TASK1.fastq.gz	TASK1
/path/to/fastq/SU-DHL-10.fastq.gz	SU-DHL-10
/path/to/fastq/OSC-20.fastq.gz	OSC-20
/path/to/fastq/RH-1.fastq.gz	RH-1
/path/to/fastq/HCC1599_RNA_5000.fastq.gz	HCC1599_RNA_5000
/path/to/fastq/H2369.fastq.gz	H2369
/path/to/fastq/DIFI.fastq.gz	DIFI
/path/to/fastq/YAPC.fastq.gz	YAPC
/path/to/fastq/PR9932a.fastq.gz	PR9932a
/path/to/fastq/PFSK-1.fastq.gz	PFSK-1
/path/to/fastq/ZR-75-30.fastq.gz	ZR-75-30
/path/to/fastq/TE-4.fastq.gz	TE-4
/path/to/fastq/H513.fastq.gz	H513
/path/to/fastq/Hey.fastq.gz	Hey
/path/to/fastq/SC-1.fastq.gz	SC-1
/path/to/fastq/SW1088.fastq.gz	SW1088
/path/to/fastq/GI-ME-N.fastq.gz	GI-ME-N
/path/to/fastq/HT-29.fastq.gz	HT-29
/path/to/fastq/CS1.fastq.gz	CS1
/path/to/fastq/BONNA-12.fastq.gz	BONNA-12
/path/to/fastq/D-566MG.fastq.gz	D-566MG
/path/to/fastq/OHS.fastq.gz	OHS
/path/to/fastq/HEC-1.fastq.gz	HEC-1
/path/to/fastq/KMOE-2.fastq.gz	KMOE-2
/path/to/fastq/P32-ISH.fastq.gz	P32-ISH
/path/to/fastq/COLO-741.fastq.gz	COLO-741
/path/to/fastq/HCT-116.fastq.gz	HCT-116
/path/to/fastq/D-247MG.fastq.gz	D-247MG
/path/to/fastq/MC-IXC.fastq.gz	MC-IXC
/path/to/fastq/ATN-1.fastq.gz	ATN-1
/path/to/fastq/VMRC-LCD.fastq.gz	VMRC-LCD
/path/to/fastq/MC-1010.fastq.gz	MC-1010
/path/to/fastq/SW1573.fastq.gz	SW1573
/path/to/fastq/Farage.fastq.gz	Farage
/path/to/fastq/Becker.fastq.gz	Becker
/path/to/fastq/BICR78.fastq.gz	BICR78
/path/to/fastq/SiHa.fastq.gz	SiHa
/path/to/fastq/H3118.fastq.gz	H3118
/path/to/fastq/COLO-205.fastq.gz	COLO-205
/path/to/fastq/SK-PN-DW.fastq.gz	SK-PN-DW
/path/to/fastq/NCC021.fastq.gz	NCC021
/path/to/fastq/Ca-Ski.fastq.gz	Ca-Ski
/path/to/fastq/BB30-HNC.fastq.gz	BB30-HNC
/path/to/fastq/HCC1187_RNA.fastq.gz	HCC1187_RNA
/path/to/fastq/K5.fastq.gz	K5
/path/to/fastq/CGTH-W-1.fastq.gz	CGTH-W-1
/path/to/fastq/GAK.fastq.gz	GAK
/path/to/fastq/NTERA-2cl-D1.fastq.gz	NTERA-2cl-D1
/path/to/fastq/RKO.fastq.gz	RKO
/path/to/fastq/NB4-G1.fastq.gz	NB4-G1
/path/to/fastq/MRK-nu-1.fastq.gz	MRK-nu-1
/path/to/fastq/H2869.fastq.gz	H2869
/path/to/fastq/NB4-Pre-2.fastq.gz	NB4-Pre-2
/path/to/fastq/WSU-DLCL2.fastq.gz	WSU-DLCL2
/path/to/fastq/FLO-1.fastq.gz	FLO-1
/path/to/fastq/SLVL.fastq.gz	SLVL
/path/to/fastq/KOSC-2.fastq.gz	KOSC-2
/path/to/fastq/GOTO.fastq.gz	GOTO
/path/to/fastq/KMH-2.fastq.gz	KMH-2
/path/to/fastq/OVCAR-5.fastq.gz	OVCAR-5
/path/to/fastq/NCI-H630.fastq.gz	NCI-H630
/path/to/fastq/SW962.fastq.gz	SW962
/path/to/fastq/SNU-283.fastq.gz	SNU-283
/path/to/fastq/SW872.fastq.gz	SW872
/path/to/fastq/TGBC11TKB.fastq.gz	TGBC11TKB
/path/to/fastq/SAT.fastq.gz	SAT
/path/to/fastq/NK-92MI.fastq.gz	NK-92MI
/path/to/fastq/PA-1.fastq.gz	PA-1
/path/to/fastq/OACp4C.fastq.gz	OACp4C
/path/to/fastq/NB14.fastq.gz	NB14
/path/to/fastq/RVH-421.fastq.gz	RVH-421
/path/to/fastq/PWR-1E.fastq.gz	PWR-1E
/path/to/fastq/CAL-39.fastq.gz	CAL-39
/path/to/fastq/CL-40.fastq.gz	CL-40
/path/to/fastq/RPMI-6666.fastq.gz	RPMI-6666
/path/to/fastq/H2373.fastq.gz	H2373
/path/to/fastq/NCI-H835.fastq.gz	NCI-H835
/path/to/fastq/NB7.fastq.gz	NB7
/path/to/fastq/HLE.fastq.gz	HLE
/path/to/fastq/MHM.fastq.gz	MHM
/path/to/fastq/NB13.fastq.gz	NB13
/path/to/fastq/NH-12.fastq.gz	NH-12
/path/to/fastq/MOLT-4.fastq.gz	MOLT-4
/path/to/fastq/EVSA-T.fastq.gz	EVSA-T
/path/to/fastq/LN-405.fastq.gz	LN-405
/path/to/fastq/YT.fastq.gz	YT
/path/to/fastq/HCC38_RNA.fastq.gz	HCC38_RNA
/path/to/fastq/NB5.fastq.gz	NB5
